{"cameraMode":{"drawMode":0,"name":"Shaded","section":"Shading Mode"},"sceneLighting":true,"audioPlay":false,"sceneViewState":{"showFog":true,"showMaterialUpdate":true,"showSkybox":true,"showFlares":true,"showImageEffects":true,"showParticleSystems":true},"in2DMode":false,"pivot":{"x":2.5470619201660158,"y":-2.0811147689819338,"z":7.616280555725098},"rotation":{"x":-0.20927944779396058,"y":0.0928318202495575,"z":-0.019962430000305177,"w":-0.9732356667518616},"size":9.959541320800782,"orthographic":false}