{"cameraMode":{"drawMode":0,"name":"Shaded","section":"Shading Mode"},"sceneLighting":true,"audioPlay":false,"sceneViewState":{"showFog":true,"showMaterialUpdate":true,"showSkybox":true,"showFlares":true,"showImageEffects":true,"showParticleSystems":true},"in2DMode":false,"pivot":{"x":-5.155519485473633,"y":-2.3150134086608888,"z":-9.978516578674317},"rotation":{"x":-0.1187206506729126,"y":0.754325807094574,"z":-0.1421869993209839,"w":-0.6298337578773499},"size":9.959541320800782,"orthographic":false}